{
    "list":[
    	{
    		"id":1111,
    		"owner":"zhangjia1",
    		"cardNum":"1111111111111111111",
    		"type":0,
    		"isDefault":false
		},
		{
    		"id":1111,
    		"owner":"zhangjia2",
    		"cardNum":"22222222222222222222",
    		"type":1,
    		"isDefault":false
		},
		{
    		"id":1111,
    		"owner":"zhangjia3",
    		"cardNum":"3333333333333333333",
    		"type":1,
    		"isDefault":false
		},
		{
    		"id":1111,
    		"owner":"zhangjia4",
    		"cardNum":"4444444444444444444",
    		"type":1,
    		"isDefault":false
		},
		{
    		"id":1111,
    		"owner":"zhangjia5",
    		"cardNum":"5555555555555555",
    		"type":0,
    		"isDefault":true
		},
		{
    		"id":1111,
    		"owner":"zhangjia",
    		"cardNum":"1111111111111111111",
    		"type":1,
    		"isDefault":false
		}
	]
}