{
  "price": 530.0,
  "price_without_discount": 530.0,
  "service_price": 150.0,
  "discount": {
  },
  "pic_url": "http://staging.kalading.com:81/assets/car_blue.png",
  "name": "丰田(一汽) 兰德酷路泽 上门保养",
  "parts": [
    {
      "机油": [
        {
          "brand": "嘉实多",
          "number": "金嘉护 SN 10W-40",
          "price": 273.0
        }
      ]
    },
    {
      "机滤": [
        {
          "brand": "马勒 ",
          "number": "5298b983098e716daf000d5d",
          "price": 28.0
        }
      ]
    },
    {
      "电瓶": [
        {
          "brand": "瓦尔塔 VARTA ",
          "number": "552520b5fee734ade60005c7",
          "price": 504.0
        }
      ]
    },
    {
      "空调滤清器": [
        {
          "brand": "卡拉丁",
          "number": "539d513b9a94e4de840005a3",
          "spec": "PM2.5空调滤清器",
          "price": 79.0
        }
      ]
    },
    {
      "PM2.5特效滤芯": [
        {
          "brand": "[需和空调滤清器同时购买]",
          "number": "53672bab9a94e45d440005ae",
          "price": 0.0
        }
      ]
    }
  ],
  "applicable_parts": [
    {
      "空调滤清器": [
        {
          "brand": "卡拉丁",
          "number": "539d513b9a94e4de840005a3",
          "spec": "PM2.5空调滤清器",
          "price": 79.0
        },
        {
          "brand": "汉格斯特 Hengst",
          "number": "5280cb96098e71d85e000354",
          "spec": "",
          "price": 74.0
        },
        {
          "brand": "曼牌 Mann",
          "number": "528af3e8098e71805900228a",
          "spec": "双效活性炭",
          "price": 120.0
        },
        {
          "brand": "马勒 ",
          "number": "5298b96f098e716daf000889",
          "spec": "",
          "price": 49.0
        }
      ]
    },
    {
      "机滤": [
        {
          "brand": "马勒 ",
          "number": "5298b983098e716daf000d5d",
          "price": 28.0
        }
      ]
    },
    {
      "电瓶": [
        {
          "brand": "瓦尔塔 VARTA ",
          "number": "552520b5fee734ade60005c7",
          "price": 504.0
        },
        {
          "brand": "海拉 （HELLA） ",
          "number": "5552143cfee7349da4003044",
          "price": 504.0
        }
      ]
    },
    {
      "PM2.5特效滤芯": [
        {
          "brand": "[需和空调滤清器同时购买]",
          "number": "53672bab9a94e45d440005ae",
          "price": 0.0
        }
      ]
    },
    {
      "机油": [
        {
          "brand": "嘉实多",
          "number": "金嘉护 SN 10W-40",
          "price": 273.0
        },
        {
          "brand": "壳牌",
          "number": "黄喜力HX5 10W-40",
          "price": 278.0
        },
        {
          "brand": "嘉实多",
          "number": "磁护 SN 5W-40",
          "price": 492.0
        },
        {
          "brand": "美孚",
          "number": "美孚1号 0W-40",
          "price": 560.0
        },
        {
          "brand": "嘉实多",
          "number": "极护 SN 0W-40",
          "price": 672.0
        },
        {
          "brand": "壳牌",
          "number": "灰喜力ULTRA 5W-40",
          "price": 294.0
        }
      ]
    }
  ]
}